ID,TOOL_ID,Tool,TOOL_ID (#1),TOOL_ID (#2),TOOL_ID (#3),Tool (#1),Tool (#2),tool,tool (#1),TOOL,TOOL (#1),Tool (#3),TOOL (#2),Y
ID001,N,B,E,E,E0,329,C,3009,W,D,YX1,11,A,2.9450788825752783
ID002,M,B,E,E,E0,215,C,4106,X,D,YX1,11,A,2.955092235391502
ID003,L,B,E,E,E0,329,C,3009,W,D,YX1,11,A,2.7412641668604247
ID004,M,B,E,E,E0,215,B,3009,X,D,YX1,11,A,2.799335932073436
ID005,M,B,E,E,E0,215,B,3009,W,D,YX1,13,A,2.692092529690795
ID006,M,B,E,E,E0,215,B,3009,W,D,YX1,12,A,2.6258530534421216
ID007,N,B,E,E,E0,329,B,4106,X,D,YX1,13,A,2.6980066614278413
ID010,N,B,E,E,E0,530,C,4106,W,D,YX1,14,A,2.7882307377907956
ID011,N,B,E,E,E0,530,C,3009,X,D,YX1,15,A,2.7734526016728407
ID012,M,B,E,E,E0,1113,C,3009,V,D,YX1,11,A,2.851242374686125
ID013,L,B,E,E,E0,1018,C,3009,W,D,YX1,13,A,3.0452078632680215
ID015,J,B,E,E,E0,329,B,4106,V,D,YX1,11,A,2.765984475765674
ID018,J,B,E,E,E0,215,B,3009,X,D,YX1,11,A,2.6761605040565613
ID019,J,B,E,E,E0,329,B,4106,W,D,YX1,11,A,2.717160503968172
ID032,M,B,E,D,E0,329,B,4106,W,D,YX1,13,A,2.7589083000209333
ID033,L,B,E,D,E0,215,B,3009,V,D,YX1,13,A,2.7207090422267663
ID034,N,B,E,D,E0,329,B,4106,X,D,YX1,14,A,2.790679268669417
ID035,M,B,E,D,E0,215,B,3009,W,D,YX1,14,A,2.713633212411813
ID036,L,B,E,D,E0,329,B,4106,V,D,YX1,14,A,2.7928995990753416
ID037,N,B,E,D,E0,215,B,3009,X,D,YX1,15,A,2.7210498456822574
ID040,M,B,E,D,E0,329,B,4106,W,D,YX1,15,A,2.741182235272722
ID042,L,B,E,D,E0,215,B,3009,V,D,YX1,15,A,2.5580188744737224
ID044,N,B,E,D,E0,329,B,4106,X,D,YX1,11,A,2.939118204931116
ID046,M,B,E,D,E0,215,B,3009,W,D,YX1,11,A,2.669172589685038
ID049,N,B,N,E,N0,530,C,4147,V,C,YX1,6,A,3.2118393704856154
ID051,L,B,N,E,N0,1018,C,3009,V,C,YX1,10,A,3.036581884635101
ID056,N,B,E,D,E0,215,B,3009,V,D,YX1,11,A,2.798200074359167
ID063,L,B,N,E,N0,329,B,4106,X,D,YX1,7,A,3.2061562567378274
ID064,N,B,N,E,N0,215,B,3009,V,D,YX1,10,A,2.986916724505707
ID067,N,B,N,E,N0,1110,C,2409,W,C,YX1,10,A,3.076339936653111
ID069,L,B,N,E,N0,1245,C,2409,X,C,YX1,9,A,3.454555830692319
ID071,N,B,E,E,E0,329,B,4106,X,D,YX1,12,A,2.816482824341514
ID072,L,B,E,E,E0,215,B,4147,W,D,YX1,12,A,2.8513776733412
ID073,N,B,E,E,E0,329,B,3009,X,D,YX1,12,A,2.485651560089025
ID074,J,B,E,D,E0,530,C,4147,X,D,YX1,13,A,2.6785604953903777
ID075,J,B,E,D,E0,1113,C,3009,V,D,YX1,13,A,2.564640375404293
ID076,J,B,E,D,E0,1018,C,4106,W,D,YX1,13,A,2.462785015731553
ID086,M,B,E,E,E0,1245,C,4106,W,D,YX1,11,A,2.703094315970283
ID091,M,B,E,E,E0,1110,C,3009,W,D,YX1,12,A,2.794969754438738
ID093,N,B,E,E,E0,1018,B,4106,V,D,YX1,11,A,2.6891574403316874
ID095,M,B,E,E,E0,530,B,3009,X,D,YX1,14,A,2.822834872042191
ID097,M,B,E,E,E0,1018,B,4106,V,D,YX1,12,A,2.606689864039334
ID098,N,B,E,E,E0,329,B,4106,S,D,YX1,11,A,3.1303385568781668
ID099,M,B,E,E,E0,215,C,4106,T,D,YX1,13,A,3.0988871030967515
ID100,N,B,E,E,E0,530,B,3009,W,D,YX1,12,A,2.9548392577048332
ID101,M,B,E,E,E0,329,C,3009,U,D,YX1,11,A,3.028216460558585
ID107,J,B,E,E,E0,1245,B,3009,X,D,YX1,11,A,2.845882068637155
ID108,J,B,E,E,E0,2823,B,4106,W,D,YX1,11,A,2.8824315917284427
ID110,J,B,E,E,E0,1110,B,3009,X,D,YX1,11,A,2.8959028387038916
ID115,J,B,E,E,E0,215,B,4106,U,D,YX1,11,A,2.938703908402126
ID116,J,B,E,E,E0,329,B,4106,W,D,YX1,6,A,2.9474808531410486
ID117,J,B,E,E,E0,329,B,3009,T,D,YX1,14,A,2.7408277046929994
ID118,J,B,E,E,E0,215,B,3009,X,D,YX1,7,A,2.9133379696561534
ID119,J,B,E,D,E0,1245,B,4147,V,D,YX1,9,A,2.4191427357689013
ID120,L,B,E,E,E0,1245,C,3009,X,D,YX1,13,A,2.791629116357013
ID121,L,B,E,E,E0,2823,C,4106,W,D,YX1,11,A,2.81772789738255
ID122,L,B,E,E,E0,1110,B,4106,W,D,YX1,13,A,3.141504893022153
ID123,N,B,E,E,E0,1245,B,4147,W,D,YX1,13,A,2.7980477014915754
ID124,L,B,E,E,E0,2823,B,3009,W,D,YX1,13,A,2.964718370562427
ID125,N,B,E,D,E0,2823,B,4106,X,C,YX1,13,A,2.711677206283722
ID126,N,B,E,D,E0,1110,B,4147,W,C,YX1,13,A,3.015041987185088
ID127,N,B,E,D,E0,1245,B,4106,X,C,YX1,14,A,2.7465692716036263
ID132,J,B,E,D,E0,1110,B,4147,V,D,YX1,9,A,2.534883442902667
ID135,L,B,E,E,E0,215,B,4106,W,D,YX1,13,A,2.877904944917493
ID136,N,B,E,E,E0,329,B,4106,X,D,YX1,14,A,2.8607392234230606
ID137,M,B,E,E,E0,215,B,4106,W,D,YX1,14,A,3.007406211728483
ID138,N,B,E,E,E0,329,C,3009,S,D,YX1,13,A,2.9894481460218225
ID144,J,B,E,E,E0,1245,B,4106,X,D,YX1,6,A,2.6991657675091907
ID145,J,B,E,E,E0,1245,B,4106,X,D,YX1,10,A,2.674925963425289
ID146,J,B,E,E,E0,2823,B,3009,W,D,YX1,10,A,2.6703848352714967
ID147,J,B,E,E,E0,2823,B,3009,W,D,YX1,9,A,2.8016379144894015
ID150,M,B,E,E,E0,215,B,4147,X,D,XY1,15,A,2.736003243360659
ID154,M,B,N,E,N0,1245,B,4106,V,D,YX1,8,A,2.700751875310527
ID158,M,B,E,E,E0,215,B,4106,V,D,YX1,6,A,2.9486996787343065
ID159,L,B,E,E,E0,329,B,4106,X,D,YX1,8,A,3.0032091997707933
ID160,L,B,E,E,E0,329,B,4106,X,D,YX1,14,A,2.8712366851171556
ID161,M,B,E,E,E0,329,B,4106,X,D,YX1,12,A,2.89213312560625
ID162,N,B,E,E,E0,329,B,4106,X,D,YX1,13,A,2.9575566581523103
ID163,M,B,E,E,E0,329,B,3009,X,D,YX1,11,A,2.9954299234728565
ID164,N,B,E,E,E0,329,B,3009,W,D,YX1,12,A,3.0195937756919258
ID167,N,B,N,E,N0,1113,B,4106,X,D,YX1,7,A,3.192348985917339
ID168,N,B,E,D,E0,215,A,4147,X,C,YX1,6,A,3.0072070565933458
ID169,M,B,E,D,E0,329,A,4106,W,C,YX1,6,A,2.7577685333522513
ID170,L,B,E,D,E0,215,A,4147,X,C,YX1,7,A,2.8322736824637698
ID171,N,B,E,E,E0,329,B,4106,X,D,YX1,15,A,2.956670793550808
ID172,N,B,E,E,E0,215,B,3009,W,D,YX1,14,A,2.933108218176843
ID173,J,B,E,E,E0,1245,B,3009,X,D,YX1,9,A,2.6658177107334247
ID174,M,B,N,E,N0,1245,C,4106,T,D,YX1,8,A,2.689828537624833
ID175,J,B,E,E,E0,1110,B,3009,V,D,YX1,9,A,2.708016620494151
ID177,J,B,E,E,E0,1110,B,3009,V,D,YX1,6,A,2.724847481192083
ID178,M,B,N,E,N0,1110,C,3009,S,D,YX1,6,A,2.926821258714358
ID179,J,B,E,E,E0,1110,B,3009,V,D,YX1,8,A,2.7355032912625
ID181,J,B,E,E,E0,1245,B,4106,X,D,YX1,9,A,2.8021175138652277
ID182,J,B,E,E,E0,329,B,3009,W,D,YX1,15,A,2.933770254704136
ID183,J,B,E,E,E0,215,B,3009,V,D,YX1,13,A,2.8330730305167524
ID187,M,B,E,E,E0,2823,B,3009,W,D,YX1,14,A,2.7116468558535556
ID189,N,B,E,E,E0,1110,B,4106,X,D,YX1,13,A,2.476118799098349
ID190,N,B,E,E,E0,1113,C,4106,V,D,YX1,14,A,2.7433713739586163
ID191,J,B,E,E,E0,215,B,3009,X,D,YX1,14,A,2.9985448678229787
ID192,O,B,E,D,E0,1018,B,4106,W,D,YX1,7,A,2.448071403962674
ID193,N,B,E,D,E0,530,B,4147,W,D,YX1,7,A,2.9636782275938023
ID194,O,B,E,D,E0,1113,B,4106,W,D,YX1,8,A,2.6245616077987073
ID201,O,B,E,D,E0,329,B,4147,S,C,YX1,6,A,2.8084982659070237
ID202,M,B,E,D,E0,329,A,4106,W,C,YX1,6,A,3.270603084868061
ID203,L,B,E,D,E0,215,A,4147,X,C,YX1,7,A,3.0164821949803717
ID204,L,B,E,D,E0,215,B,4106,S,D,YX1,15,A,2.634120231827714
ID205,L,B,E,D,E0,215,A,4147,X,C,YX1,8,A,2.9870482411333783
ID206,M,B,E,D,E0,329,A,4106,W,C,YX1,8,A,3.177562221290265
ID207,N,B,E,D,E0,329,B,4147,S,D,YX1,15,A,2.9477892053688546
ID208,N,B,E,D,E0,215,B,3009,S,D,YX1,11,A,2.718615114135296
ID212,M,B,E,E,E0,2823,C,4106,U,D,YX1,12,A,2.8830173726812296
ID213,N,B,E,E,E0,1110,C,3009,T,D,YX1,15,A,2.921536115691616
ID215,N,B,E,E,E0,329,B,4147,W,D,YX1,11,A,2.9035918291411615
ID218,N,B,E,E,E0,215,B,4147,X,D,YX1,15,A,2.9538781934132543
ID219,L,B,E,E,E0,329,B,4106,W,D,YX1,13,A,2.8162849248875044
ID220,N,B,E,E,E0,215,B,3009,V,D,YX1,12,A,3.1553423813076544
ID225,M,B,E,D,E0,329,B,3009,V,D,YX1,6,A,2.6593545721190956
ID226,L,B,E,D,E0,215,B,4106,X,D,YX1,8,A,2.8132175563102906
ID227,L,B,E,E,E0,215,B,4147,X,D,YX1,11,A,2.9099061720209796
ID228,M,B,E,E,E0,215,C,4106,X,D,YX1,14,A,3.061918811833343
ID229,J,B,E,E,E0,1245,B,4106,X,D,YX1,7,A,2.8021014254129244
ID230,J,B,E,E,E0,1245,B,3009,X,D,YX1,8,A,2.690614868324727
ID231,L,B,E,D,E0,329,B,3009,V,D,YX1,9,A,2.9785771020713123
ID233,L,B,E,D,E0,1245,B,4106,W,D,YX1,6,A,2.906928086749085
ID242,N,B,E,E,E0,1245,B,4147,U,D,YX1,13,A,2.866715469542131
ID244,M,B,E,E,E0,2823,B,3009,S,D,YX1,11,A,2.7227865066859747
ID245,N,B,N,E,N0,215,C,4106,S,D,YX1,9,A,3.124514629937314
ID246,J,B,E,D,E0,1113,C,3009,V,D,YX1,11,A,2.9248378365178915
ID247,M,B,N,E,N0,329,C,3009,T,D,YX1,7,A,3.2858948788140454
ID248,J,B,E,E,E0,2823,C,3009,X,D,YX1,14,A,2.92861192841681
ID250,J,B,E,E,E0,1245,C,4106,W,D,YX1,13,A,2.89775881687146
ID252,M,B,E,D,E0,215,A,3009,W,D,YX1,14,A,2.8810419457557805
ID253,M,B,E,D,E0,329,A,4147,X,D,YX1,14,A,2.631535777925368
ID254,M,B,E,E,E0,1110,C,4106,W,D,YX1,6,A,3.120524745088806
ID255,L,B,E,D,E0,215,A,4106,W,D,YX1,15,A,2.70217142472758
ID256,M,B,E,E,E0,1245,C,4147,X,D,YX1,8,A,2.916266445736502
ID257,N,B,E,E,E0,329,B,4147,X,D,YX1,14,A,2.6374339320006257
ID258,N,B,E,E,E0,215,B,3009,W,D,YX1,13,A,3.0620298076504673
ID259,N,B,E,D,E0,329,B,3009,V,D,YX1,9,A,3.2321686187558383
ID260,N,B,E,E,E0,215,B,4147,W,D,YX1,15,A,2.9670131791525023
ID261,L,B,E,D,E0,215,B,4106,W,D,YX1,8,A,2.722897756770328
ID262,J,B,E,E,E0,215,B,4106,X,D,YX1,12,A,2.9016024274431347
ID263,J,B,E,E,E0,329,B,3009,W,D,YX1,15,A,2.7524779300231437
ID264,N,B,E,E,E0,2823,C,3009,T,D,YX1,13,A,2.8791917101409017
ID270,L,B,E,E,E0,215,B,3009,U,D,YX1,12,A,2.95123674020871
ID271,L,B,E,E,E0,2823,B,4106,X,D,YX1,14,A,2.4917702933477655
ID272,N,B,E,E,E0,329,B,4106,S,D,YX1,15,A,2.700116141476155
ID273,N,B,E,E,E0,1110,B,3009,W,D,YX1,15,A,2.9270361115707266
ID274,J,B,E,D,E0,1110,C,4147,W,D,YX1,15,A,2.556347427225113
ID277,M,B,E,D,E0,1110,C,4106,W,D,YX1,9,A,2.900716988095778
ID278,M,B,E,D,E0,2823,C,4147,X,D,YX1,6,A,2.4535568460292434
ID279,J,B,E,E,E0,530,B,3009,W,D,YX1,14,A,2.983989325361345
ID280,J,B,E,E,E0,1018,B,4106,X,D,YX1,14,A,2.540389275462124
ID281,J,B,E,E,E0,1113,B,4147,W,D,YX1,15,A,2.6673487672801763
ID286,N,B,E,E,E0,215,B,4106,W,D,YX1,14,A,3.0816679796834348
ID288,J,B,E,E,E0,2823,B,4106,W,D,YX1,14,A,3.10442085203875
ID289,L,A,E,D,E0,2823,B,4147,X,C,YX1,12,A,2.5486096655253214
ID290,L,A,E,D,E0,1110,B,3009,W,C,YX1,12,A,2.741653305856341
ID291,J,B,E,E,E0,1110,C,4147,X,D,YX1,14,A,2.6875595981432823
ID292,L,A,E,D,E0,2823,B,4106,X,C,YX1,14,A,2.5943615160873823
ID293,L,A,E,D,E0,1110,B,4147,W,C,YX1,14,A,2.329260653899333
ID294,J,B,E,E,E0,1245,C,3009,W,D,YX1,12,A,2.9588894304570523
ID295,L,A,E,D,E0,2823,B,4147,X,C,YX1,14,A,2.3971464289120834
ID296,K,B,E,C,E0,1110,A,4106,X,D,YX1,13,A,3.078459623977425
ID297,L,A,E,D,E0,1110,B,3009,W,C,YX1,14,A,2.968484290128456
ID298,K,B,E,C,E0,2823,A,4147,W,D,YX1,13,A,2.909656660498967
ID299,L,B,E,E,E0,329,B,3009,W,D,YX1,11,A,3.17502801789203
ID300,K,B,E,C,E0,1110,A,3009,X,D,YX1,14,A,2.5694126838440052
ID301,K,B,E,C,E0,2823,A,3009,W,D,YX1,12,A,2.740553688469847
ID303,K,B,E,C,E0,1110,A,4106,X,D,YX1,12,A,3.1909215615033757
ID304,N,B,E,D,E0,215,B,4106,S,C,YX1,11,A,2.499970314585425
ID305,K,B,E,C,E0,2823,A,4147,W,D,YX1,12,A,3.0959411629141744
ID306,M,B,E,D,E0,329,B,4147,T,C,YX1,11,A,2.6558822011233714
ID307,O,B,E,D,E0,215,B,4106,U,C,YX1,11,A,2.457938171726121
ID308,M,B,E,D,E0,215,B,4106,S,C,YX1,15,A,2.350376848027996
ID310,O,B,E,D,E0,329,B,4147,T,C,YX1,15,A,2.533844259576752
ID311,N,B,E,D,E0,215,B,4106,U,C,YX1,15,A,2.7611863066533333
ID312,N,B,E,D,E0,329,B,4147,U,C,YX1,13,A,2.6522853902894408
ID313,M,B,E,D,E0,215,B,4106,T,C,YX1,14,A,2.534588402885849
ID314,O,B,E,D,E0,329,B,4147,U,C,YX1,14,A,2.676055259874416
ID315,K,B,E,C,E0,2823,A,3009,W,D,YX1,11,A,2.5032802933767258
ID316,K,B,E,C,E0,1110,A,4106,X,D,YX1,11,A,3.180544268075012
ID317,K,B,E,C,E0,2823,A,4147,W,D,YX1,11,A,3.202333073387673
ID318,L,A,E,D,E0,2823,B,4106,X,C,YX1,13,A,2.723041373748989
ID319,L,A,E,D,E0,1110,B,3009,W,C,YX1,13,A,2.6696663127934546
ID320,L,A,E,D,E0,1110,B,4106,W,C,YX1,13,A,2.749140127852666
ID321,N,B,E,D,E0,2823,B,4106,W,D,YX1,13,A,2.9249448521260857
ID322,N,B,E,D,E0,1110,B,4147,X,D,YX1,11,A,2.6127785388343225
ID328,N,B,E,E,E0,329,B,4147,W,D,YX1,6,A,2.887358709929193
ID330,M,B,E,E,E0,215,B,4106,X,D,YX1,6,A,3.0976490943996966
ID331,N,B,E,E,E0,329,B,4147,W,D,YX1,9,A,3.099879440931667
ID332,M,B,E,E,E0,215,B,4106,X,D,YX1,9,A,2.9172115312983373
ID334,J,B,E,C,E0,329,C,4106,W,D,YX1,10,A,2.776017607397865
ID335,J,B,E,C,E0,215,C,4147,X,D,YX1,10,A,3.0847253886181263
ID336,J,B,E,C,E0,329,C,3009,W,D,YX1,6,A,2.8147423729173613
ID338,K,B,N,C,N0,329,C,3009,S,D,YX1,7,A,2.957155782589189
ID339,K,B,N,C,N0,215,C,4106,S,D,YX1,7,A,2.8765244481123813
ID340,J,B,E,D,E0,2823,B,3009,W,D,YX1,6,A,2.7489089370565205
ID341,K,B,N,C,N0,329,C,4147,S,D,YX1,8,A,2.9893270352123853
ID342,K,B,N,C,N0,215,C,4147,S,D,YX1,7,A,3.3402900275134795
ID343,J,B,E,D,E0,1110,B,4106,X,D,YX1,8,A,2.453726842225454
ID344,K,B,N,C,N0,329,C,3009,S,D,YX1,8,A,2.96145674955422
ID345,K,B,N,C,N0,215,C,4106,S,D,YX1,8,A,2.9671375924389736
ID346,K,B,N,C,N0,215,C,4147,S,D,YX1,8,A,3.0713070195763446
ID347,K,B,N,C,N0,329,C,3009,S,D,YX1,9,A,2.9613997217171173
ID348,K,B,N,C,N0,215,C,4106,S,D,YX1,9,A,2.802509459209538
ID351,N,B,E,E,E0,329,B,3009,W,D,YX1,11,A,2.8396641155110607
ID352,M,B,N,E,N0,530,B,3009,V,D,YX1,6,A,2.8358432008990535
ID353,L,B,E,E,E0,329,B,3009,V,D,YX1,14,A,2.938523155275111
ID354,N,B,E,E,E0,215,B,4147,X,D,YX1,14,A,2.8182633797543284
ID355,L,B,E,E,E0,215,B,4106,X,D,YX1,13,A,3.0578893900802826
ID356,J,B,E,C,E0,215,C,4147,X,D,YX1,7,A,3.117434885033043
ID357,J,B,E,C,E0,329,C,3009,W,D,YX1,7,A,2.9740213142003133
ID358,J,B,E,C,E0,215,C,3009,X,D,YX1,7,A,3.049461291896614
ID359,J,B,E,C,E0,329,C,4106,W,D,YX1,7,A,2.7632999439668033
ID360,N,B,E,C,E0,329,A,3009,W,D,YX1,11,A,2.9427380890995645
ID361,O,B,E,C,E0,215,A,4106,X,D,YX1,11,A,2.593979941164167
ID362,N,B,E,C,E0,329,A,4147,W,D,YX1,12,A,2.7908019972643765
ID363,M,B,E,C,E0,1110,A,4147,X,D,YX1,13,A,2.810045392947161
ID364,L,B,E,C,E0,2823,A,3009,W,D,YX1,13,A,2.5672196567343697
ID365,M,B,E,C,E0,1110,A,4106,X,D,YX1,13,A,2.5307509620537703
ID366,L,B,E,E,E0,215,C,4106,W,D,YX1,13,A,3.363065879246061
ID367,N,B,N,E,N0,1113,B,4106,X,D,YX1,9,A,3.203894059838758
ID368,L,B,N,E,N0,1018,B,3009,V,D,YX1,9,A,2.9827557205099287
ID369,M,B,N,E,N0,530,B,4106,X,D,YX1,9,A,2.820159080704136
ID370,K,B,E,C,E0,215,A,3009,W,D,YX1,14,A,3.1584523155200346
ID371,O,B,E,C,E0,1110,B,3009,X,D,YX1,12,A,3.0725380492856447
ID372,L,B,E,C,E0,2823,A,4106,W,D,YX1,15,A,2.779074821052291
ID373,M,B,E,C,E0,2823,B,4147,W,D,YX1,13,A,2.611542939530679
ID374,M,B,E,C,E0,1110,A,4147,X,D,YX1,11,A,2.885479539761427
ID375,M,B,E,C,E0,2823,B,4147,W,D,YX1,15,A,2.6967761111315003
ID376,O,B,E,C,E0,2823,A,3009,W,D,YX1,11,A,2.5492085372777415
ID377,M,B,E,C,E0,215,A,4147,S,D,YX1,11,A,2.7420235633488654
ID379,L,B,E,C,E0,329,A,3009,S,D,YX1,11,A,2.9539154175898714
ID380,M,B,E,D,E0,215,B,3009,W,C,YX1,6,A,2.7325770460057086
ID381,M,B,E,C,E0,215,A,4106,S,D,YX1,12,A,2.8545248566516284
ID382,M,B,E,D,E0,215,B,3009,W,C,YX1,8,A,2.535822678205534
ID383,L,B,E,C,E0,329,A,4147,S,D,YX1,13,A,3.1437627713023333
ID384,M,B,E,C,E0,215,A,3009,S,D,YX1,13,A,2.7269793135140223
ID385,L,B,E,C,E0,329,A,4106,S,D,YX1,14,A,2.768430798148954
ID386,J,B,E,D,E0,1245,B,4147,V,D,YX1,8,A,2.7679697392856255
ID387,J,B,E,D,E0,2823,B,3009,W,D,YX1,8,A,2.67700472814597
ID388,J,B,E,D,E0,1110,B,4106,X,D,YX1,9,A,2.78810552639806
ID389,K,B,E,C,E0,329,A,4106,W,D,YX1,11,A,2.994844764996522
ID390,K,B,E,C,E0,215,A,4147,W,D,YX1,12,A,3.166904649527915
ID391,J,B,E,D,E0,2823,B,3009,W,D,YX1,10,A,2.8660520707631068
ID392,K,B,E,C,E0,329,A,3009,W,D,YX1,12,A,2.9691158038686662
ID393,J,B,E,D,E0,1110,B,4106,X,D,YX1,10,A,2.6830221052691585
ID394,K,B,E,C,E0,215,A,3009,W,D,YX1,15,A,3.00902272152408
ID395,K,B,E,C,E0,329,A,4106,X,D,YX1,15,A,3.000163759956011
ID397,K,B,E,C,E0,215,A,4147,W,D,YX1,11,A,3.1796612004412084
ID398,N,B,E,E,E0,329,B,4106,S,D,YX1,12,A,2.8888996334725943
ID399,K,B,E,C,E0,329,A,4106,X,D,YX1,14,A,2.7206378167744916
ID401,K,B,E,C,E0,215,A,4147,W,D,YX1,15,A,3.251326654597785
ID402,M,B,E,E,E0,215,B,4147,T,D,YX1,12,A,2.964403902507034
ID403,N,B,E,E,E0,329,B,3009,U,D,YX1,13,A,2.823555390930722
ID405,L,B,E,E,E0,215,B,4106,S,D,YX1,13,A,2.850066075342854
ID407,M,B,E,E,E0,329,B,4147,T,D,YX1,13,A,2.983627878986122
ID411,O,B,E,D,E0,215,A,4147,S,D,YX1,13,A,2.954135975878094
ID412,O,B,E,D,E0,215,B,4106,V,D,YX1,7,A,2.4833681389244098
ID413,N,B,E,D,E0,329,A,3009,S,D,YX1,13,A,2.495345249757177
ID414,L,B,E,E,E0,215,B,4106,W,D,YX1,15,A,3.0702993965328185
ID415,N,B,E,E,E0,329,B,3009,W,D,YX1,15,A,2.9924920191582736
ID416,O,B,E,D,E0,215,A,4147,S,D,YX1,13,A,2.777536361042626
ID418,M,B,N,D,N0,215,A,3009,Q,D,YX1,14,A,3.000004275787466
ID420,L,B,N,D,N0,329,A,4147,R,D,YX1,14,A,3.1703949754937484
ID421,M,B,N,D,N0,215,A,3009,P,D,YX1,13,A,2.6940404102003606
ID422,L,B,N,D,N0,329,A,4147,Q,D,YX1,14,A,2.853473064196065
ID423,M,B,N,D,N0,215,A,3009,Q,D,YX1,12,A,2.6986298868863474
ID424,L,B,N,D,N0,329,A,4147,R,D,YX1,12,A,3.2929029377840724
ID425,N,B,E,E,E0,1245,B,4147,X,D,YX1,11,A,3.134099196376965
ID426,J,B,E,D,E0,1110,B,4106,X,D,YX1,9,A,2.5955454538530427
ID427,J,B,E,D,E0,2823,B,4147,X,D,YX1,6,A,2.7306456154537515
ID428,N,B,N,E,N0,1113,B,4106,X,D,YX1,6,A,3.0950240793913633
ID429,M,B,N,E,N0,530,B,4106,X,D,YX1,6,A,2.7042359784443977
ID430,M,B,N,D,N0,1018,A,3009,X,D,YX1,15,A,2.7255498996600975
ID432,M,B,N,D,N0,1113,A,3009,W,D,YX1,11,A,2.4836024538229364
ID435,M,B,N,D,N0,1018,A,3009,X,D,YX1,11,A,2.93105821934346
ID436,J,B,E,D,E0,1245,B,4106,X,D,YX1,13,A,2.7080704656118306
ID437,J,B,E,D,E0,1110,B,3009,V,D,YX1,11,A,2.7362447125696923
ID441,N,B,N,C,N0,215,A,3009,W,D,YX1,15,A,3.159248758958214
ID442,K,B,E,C,E0,329,A,4147,X,D,YX1,6,A,3.1123875078575503
ID443,O,B,N,C,N0,329,A,4106,X,D,YX1,15,A,2.8772882601462046
ID444,K,B,E,C,E0,215,A,3009,W,D,YX1,6,A,2.8510664427086883
ID445,O,B,N,C,N0,329,A,3009,X,D,YX1,13,A,2.5838868464575224
ID446,K,B,E,C,E0,329,A,4106,X,D,YX1,7,A,2.841272651664489
ID447,N,B,N,C,N0,215,A,4106,W,D,YX1,13,A,2.9912872940051494
ID448,K,B,E,C,E0,329,A,3009,X,D,YX1,6,A,2.7420053939314397
ID449,N,B,N,C,N0,215,A,3009,W,D,YX1,13,A,3.1500259130030837
ID450,K,B,E,C,E0,215,A,4106,W,D,YX1,6,A,3.327134615263121
ID452,O,B,N,C,N0,329,A,4106,X,D,YX1,13,A,2.801856335745617
ID453,K,B,E,C,E0,329,A,4147,X,D,YX1,7,A,3.130501601984555
ID455,K,B,E,C,E0,215,A,4106,W,D,YX1,7,A,3.170800755817159
ID456,N,B,E,D,E0,1110,A,3009,W,D,YX1,6,A,3.0605450798411433
ID457,K,B,E,C,E0,329,A,4147,X,D,YX1,8,A,3.034445153958867
ID458,K,B,E,C,E0,215,A,3009,W,D,YX1,8,A,2.7511117652111756
ID460,N,B,E,E,E0,2823,C,3009,X,D,YX1,10,A,2.63202730637072
ID461,N,B,E,E,E0,1110,C,4106,W,D,YX1,7,A,2.707927811432247
ID462,M,B,E,C,E0,215,A,3009,U,D,YX1,12,A,2.8547569982033414
ID463,L,B,E,C,E0,329,A,3009,T,D,YX1,13,A,2.5669096828161106
ID464,M,B,E,C,E0,215,A,3009,S,D,YX1,13,A,2.550437472735389
ID465,M,B,E,E,E0,1110,C,3009,W,D,YX1,11,A,2.9289107289854392
ID466,L,B,E,E,E0,2823,C,4147,X,D,YX1,13,A,2.8789381522133706
ID466,M,B,E,E,E0,2823,C,4147,X,D,YX1,13,A,2.8789381522133706
ID467,M,B,E,E,E0,2823,C,4147,W,D,YX1,14,A,2.861295015146174
ID468,L,B,E,E,E0,1110,C,3009,X,D,YX1,14,A,2.9086547114886856
ID469,M,B,E,E,E0,1245,C,4106,W,D,YX1,14,A,3.1482949438658037
ID470,N,B,E,E,E0,215,B,4147,T,D,YX1,11,A,2.874975693635485
ID471,L,B,E,E,E0,2823,C,4147,X,D,YX1,15,A,2.7601815471015536
ID472,M,B,E,E,E0,215,B,3009,U,D,YX1,15,A,2.8143331655162314
ID473,J,B,E,D,E0,1110,B,4106,X,D,YX1,6,A,2.6986663324516287
ID474,M,B,E,C,E0,215,A,3009,X,D,YX1,9,A,2.6200408563022086
ID475,J,B,E,D,E0,1245,B,4147,V,D,YX1,7,A,2.5695422685685068
ID476,L,B,E,C,E0,329,A,4106,W,D,YX1,9,A,3.086414526996374
ID477,J,B,E,D,E0,2823,B,3009,W,D,YX1,7,A,2.3593352895863404
ID478,M,B,E,C,E0,215,A,3009,X,D,YX1,6,A,2.674404488029246
ID479,J,B,E,D,E0,1110,B,4106,X,D,YX1,8,A,2.7058440633931053
ID480,L,B,E,C,E0,329,A,4106,W,D,YX1,6,A,3.1610635684576973
ID481,J,B,E,D,E0,1245,B,4147,V,D,YX1,8,A,2.4978387055352274
ID482,N,B,E,D,E0,329,B,3009,X,D,YX1,11,A,2.792504063840177
ID483,J,B,E,D,E0,2823,B,3009,W,D,YX1,9,A,2.7022251291141814
ID484,J,B,E,D,E0,1110,B,4106,X,D,YX1,9,A,2.610681604253913
ID485,M,B,E,D,E0,215,B,3009,W,D,YX1,14,A,2.7672697055515556
ID486,J,B,E,D,E0,1245,B,4147,V,D,YX1,10,A,2.7032141240523675
ID487,J,B,E,D,E0,2823,B,3009,W,D,YX1,10,A,2.662454134761038
ID488,O,B,E,D,E0,1245,B,4147,W,D,YX1,9,A,2.759625980643146
ID489,J,B,E,D,E0,1110,B,4106,X,D,YX1,6,A,2.8110638004769317
ID490,M,B,E,D,E0,1245,B,4147,W,D,YX1,8,A,2.902025641891391
ID491,J,B,E,D,E0,1245,B,4147,V,D,YX1,6,A,2.5591625724760987
ID492,J,B,E,D,E0,2823,B,3009,W,D,YX1,7,A,2.7458098226522916
ID493,J,B,E,D,E0,1110,B,4106,X,D,YX1,7,A,2.6359435911915083
ID494,L,B,E,E,E0,2823,C,3009,W,D,YX1,6,A,2.716146191907541
ID495,J,B,E,E,E0,1110,B,3009,X,D,YX1,8,A,2.8204707130281284
ID496,J,B,E,E,E0,1245,B,4106,W,D,YX1,10,A,2.7734810853159724
ID497,N,B,E,D,E0,215,B,4106,S,C,YX1,9,A,3.0322628224012322
ID498,M,B,E,D,E0,1110,B,4147,W,C,YX1,11,A,3.238401900874346
ID499,O,B,E,D,E0,530,A,3009,W,C,YX1,8,A,2.397770361440737
ID500,O,B,E,D,E0,1113,A,4106,X,C,YX1,10,A,2.5761025133144657
ID501,L,B,E,D,E0,329,B,4147,S,D,YX1,12,A,2.809602435026263
ID502,J,B,E,D,E0,1110,C,4106,W,D,YX1,15,A,2.753176794809836
ID503,M,B,E,D,E0,329,A,4147,X,D,YX1,11,A,2.81844708234955
ID504,J,B,E,D,E0,1110,C,4106,W,D,YX1,13,A,2.653846765329079
ID508,M,B,E,E,E0,329,B,4106,W,D,YX1,14,A,2.827702385791245
ID509,O,B,E,E,E0,215,B,4106,W,D,YX1,13,A,2.8702635505177834
ID512,L,B,E,E,E0,215,B,4147,X,D,YX1,13,A,2.8425453253066313
ID515,N,B,E,E,E0,215,B,3009,X,D,YX1,15,A,3.02078082685888
ID516,M,B,E,E,E0,329,B,3009,W,D,YX1,11,A,3.0203271109903223
ID518,N,B,E,D,E0,1113,B,4106,X,D,YX1,15,A,2.8657566917318618
ID519,L,B,E,E,E0,1110,B,4147,W,D,YX1,12,A,2.9579217031017375
ID520,M,B,E,D,E0,1018,B,3009,V,D,YX1,14,A,2.778993653077568
ID521,N,B,E,E,E0,1245,B,4106,W,D,YX1,15,A,2.901831087109368
ID522,M,B,E,E,E0,1110,B,4147,W,D,YX1,6,A,2.842890796546938
ID523,M,B,E,E,E0,1245,B,4106,W,D,YX1,9,A,2.7978437781383834
ID524,J,B,E,E,E0,329,B,3009,X,D,YX1,6,A,3.0039491103083913
ID525,J,B,E,E,E0,215,B,4106,W,D,YX1,8,A,3.0362420136334087
ID526,J,B,E,D,E0,1245,B,4106,X,D,YX1,15,A,2.7187166416771396
ID527,J,B,E,D,E0,1245,B,4106,W,D,YX1,15,A,2.989143731953462
ID528,O,B,E,D,E0,329,A,3009,X,D,YX1,15,A,2.623482138520166
ID529,O,B,E,D,E0,215,A,4147,W,D,YX1,11,A,2.9826420967563334
ID530,N,B,E,C,E0,1018,A,4106,W,D,YX1,15,A,2.930759958870164
ID531,O,B,E,D,E0,329,B,4106,W,C,YX1,11,A,2.944726181170606
ID534,O,B,E,C,E0,1113,A,3009,X,D,YX1,15,A,2.5352314398227955
ID535,N,B,E,C,E0,1018,A,4147,X,D,YX1,15,A,2.82325308018305
ID536,O,B,E,C,E0,215,A,4106,X,D,YX1,14,A,2.7184227097996976
ID537,L,A,E,C,E0,1110,B,3009,X,D,YX1,14,A,2.801730400272873
ID538,O,A,E,C,E0,2823,B,4106,W,D,YX1,12,A,2.8993964710662556
ID544,M,A,E,D,E0,2823,B,3009,X,D,YX1,11,A,2.6321343242876547
ID545,N,B,E,D,E0,2823,A,4106,X,D,YX1,7,A,2.935349359576281
ID546,L,A,E,D,E0,2823,B,3009,X,D,YX1,11,A,2.635500218798624
ID548,M,B,E,D,E0,329,A,4106,W,C,YX1,8,A,3.041848948895988
ID549,M,B,E,D,E0,215,A,4147,W,D,YX1,14,A,2.962037568005156
ID550,L,B,E,D,E0,329,A,4106,X,D,YX1,13,A,3.170182308449945
ID551,K,B,E,C,E0,1110,A,4147,X,D,YX1,11,A,3.077417766788333
ID552,M,B,E,C,E0,1110,B,4106,X,D,YX1,14,A,2.7580541191151027
ID553,O,B,E,C,E0,2823,B,3009,W,D,YX1,12,A,3.399089871049217
ID556,M,B,E,C,E0,215,A,4106,X,D,YX1,11,A,2.6618129741241034
ID559,L,B,E,C,E0,329,A,4147,W,D,YX1,14,A,3.2304926651651114
ID560,O,B,E,D,E0,1018,A,3009,W,D,YX1,12,A,2.79652230557764
ID561,N,B,E,D,E0,1113,A,4147,X,D,YX1,12,A,2.5777459014939392
ID562,L,B,E,C,E0,329,A,3009,S,D,YX1,14,A,3.0500335589493335
ID563,O,B,E,D,E0,1018,A,4106,W,D,YX1,13,A,2.807788413995879
ID565,O,B,E,D,E0,1018,B,4106,W,D,YX1,8,A,2.522571955129121
ID566,M,B,E,D,E0,215,A,3009,W,B,YX1,10,A,2.72026216736089
ID570,M,B,E,D,E0,329,B,4147,S,C,YX1,11,A,3.1101426648059998
ID571,M,B,E,C,E0,1245,A,4147,W,D,YX1,11,A,3.270821096659981
ID572,N,B,E,D,E0,329,A,4147,S,D,YX1,11,A,2.65600436200913
ID575,O,A,E,C,E0,329,A,4147,X,D,YX1,14,A,2.7955848891168995
ID578,O,A,E,C,E0,215,A,4106,W,D,YX1,15,A,2.5902530525215806
ID579,O,B,E,D,E0,329,B,3009,W,D,YX1,9,A,2.6448651314165277
ID580,O,A,E,D,E0,329,A,4106,X,D,YX1,11,A,2.940544233830008
ID581,M,B,N,D,N0,215,A,3009,P,D,YX1,14,A,2.7231816150169315
ID582,L,B,E,D,E0,215,B,3009,W,D,YX1,6,A,2.99204292813599
ID583,L,B,N,D,N0,329,A,4147,R,D,YX1,13,A,3.1441079996729324
ID584,M,A,E,D,E0,215,A,4147,W,D,YX1,13,A,3.0565263964125
ID585,L,B,E,C,E0,1245,A,3009,X,D,YX1,11,A,2.8604000728980257
ID586,L,B,N,D,N0,329,A,4147,P,D,YX1,11,A,3.038875462243456
ID587,O,B,E,D,E0,2823,A,4106,W,B,YX1,14,A,2.6470671630487397
ID590,N,B,E,D,E0,1245,A,3009,X,B,YX1,15,A,2.6625297791172486
ID593,O,B,E,D,E0,2823,A,4147,W,B,YX1,15,A,2.5451247188517074
ID599,J,B,E,D,E0,1110,B,4106,W,D,YX1,10,A,2.6283068471311
ID604,M,B,E,D,E0,1018,B,4147,X,C,YX1,6,A,2.7000365777590427
ID605,L,B,E,D,E0,530,B,4106,W,C,YX1,8,A,2.6803058214271056
ID606,M,B,E,D,E0,215,B,3009,W,D,YX1,9,A,2.863842726865729
ID607,O,B,E,D,E0,329,B,3009,W,D,YX1,10,A,2.8955304962049913
ID608,M,B,E,D,E0,215,B,4106,W,D,YX1,10,A,2.8464449181738485
ID609,O,B,E,D,E0,329,B,3009,W,D,YX1,6,A,2.5453478887400225
ID610,M,B,E,D,E0,215,B,4106,W,D,YX1,6,A,2.9777360345018726
ID611,O,B,E,D,E0,329,B,3009,W,D,YX1,7,A,2.598098032727879
ID612,L,B,E,D,E0,215,B,4106,W,D,YX1,7,A,2.747452369098829
ID613,O,B,E,D,E0,329,A,3009,X,B,YX1,10,A,3.148336027422136
ID614,M,B,E,D,E0,329,B,3009,W,D,YX1,8,A,2.8383841969230836
ID615,N,B,E,D,E0,215,A,4147,W,B,YX1,10,A,3.238647225854666
ID616,O,B,E,D,E0,215,B,3009,W,D,YX1,8,A,2.7118064442539582
ID617,O,B,E,D,E0,329,A,4147,X,B,YX1,7,A,2.986616680100082
ID618,N,B,E,D,E0,215,A,4106,W,B,YX1,7,A,2.939740368037834
ID619,L,B,E,D,E0,329,B,3009,W,D,YX1,9,A,2.6926096906579553
ID620,M,B,E,D,E0,215,B,3009,W,D,YX1,9,A,2.901146058339662
ID621,O,B,E,D,E0,329,B,3009,W,D,YX1,10,A,2.6114959689620463
ID622,L,B,E,D,E0,215,B,3009,W,D,YX1,10,A,2.8565214617979806
ID623,O,B,E,D,E0,329,B,3009,W,D,YX1,6,A,2.760190695645379
ID624,M,B,E,D,E0,215,B,3009,W,D,YX1,6,A,2.642530798197602
ID625,L,B,E,D,E0,329,B,3009,W,D,YX1,7,A,2.7921906419423785
ID626,O,B,E,D,E0,215,B,3009,W,D,YX1,7,A,3.002622375909015
ID627,M,B,E,D,E0,329,B,3009,W,D,YX1,8,A,2.7052112323331294
ID628,L,B,E,D,E0,215,B,3009,W,D,YX1,8,A,2.891122173488917
ID629,K,B,N,C,N0,329,C,4147,S,D,YX1,6,A,3.1873524294823823
ID630,L,A,E,D,E0,1113,A,4106,W,B,YX1,6,A,2.8957973456449975
ID631,O,A,E,D,E0,1018,A,3009,X,B,YX1,6,A,3.036822167652829
ID632,N,A,E,D,E0,1113,A,4147,V,B,YX1,7,A,2.8109052622281037
ID633,N,B,E,D,E0,1018,B,4147,W,D,YX1,9,A,2.7620529619080676
ID634,O,B,E,D,E0,329,A,4147,X,B,YX1,11,A,2.636339516624238
ID635,M,B,E,D,E0,215,A,4106,W,B,YX1,11,A,3.321433007333455
ID636,L,B,E,D,E0,329,A,3009,X,B,YX1,12,A,2.9675876692934087
ID637,L,B,E,D,E0,215,A,3009,W,B,YX1,12,A,2.968612970396568
ID638,O,B,E,D,E0,329,A,4106,X,B,YX1,13,A,2.3268455638817764
ID639,M,B,E,D,E0,215,A,3009,W,B,YX1,13,A,3.0492474961833667
ID640,M,B,N,D,N0,1018,A,4106,X,B,YX1,6,A,2.7652903504622084
ID647,O,B,N,D,N0,329,A,4147,V,D,YX1,14,A,2.761877701087397
ID648,M,B,N,D,N0,1018,A,4106,W,B,YX1,8,A,2.671710789808212
ID650,L,A,E,D,E0,2823,B,3009,V,B,YX1,12,A,2.875822460889556
ID651,N,A,E,D,E0,1110,B,4106,W,B,YX1,11,A,2.8063462078006562
ID652,L,A,E,D,E0,1245,B,4147,X,B,YX1,11,A,3.072266512498753
ID654,J,B,E,E,E0,1110,B,4106,T,D,YX1,11,A,2.5852617131272497
ID655,J,B,E,E,E0,1245,B,3009,T,D,YX1,15,A,2.9077065032533636
ID656,N,A,E,D,E0,329,B,4147,V,B,YX1,13,A,2.8412193771270178
ID657,L,B,N,D,N0,1113,B,3009,W,B,YX1,7,A,3.020440303068672
ID658,M,B,N,D,N0,530,B,4147,X,B,YX1,7,A,2.7169355617432136
ID659,L,B,N,D,N0,1113,B,4106,W,B,YX1,8,A,2.7161262328187723
ID660,L,A,E,D,E0,329,A,4147,X,B,YX1,12,A,2.9796506425801272
ID661,L,A,E,D,E0,215,A,3009,W,B,YX1,12,A,3.166192594182222
ID662,L,A,E,D,E0,329,A,4106,X,B,YX1,13,A,2.9518059205157883
ID663,N,B,N,D,N0,1018,B,3009,X,D,YX1,6,A,2.4826064133305312
ID664,N,B,N,E,N0,215,C,4106,U,D,YX1,8,A,3.0168105575554893
ID665,L,B,N,E,N0,215,C,3009,U,D,YX1,6,A,3.2586184864109087
ID666,O,B,N,C,N0,215,A,3009,S,D,YX1,12,A,2.7151967998805797
ID667,M,B,N,D,N0,1113,A,3009,W,D,YX1,14,A,2.6632122259157422
ID668,N,B,N,C,N0,329,A,4147,S,D,YX1,15,A,2.630582835780569
ID669,N,A,E,D,E0,2823,A,3009,V,B,YX1,10,A,2.8269439409747026
ID670,N,B,E,D,E0,530,A,4106,W,B,YX1,15,A,2.845974612150269
ID671,J,B,E,E,E0,1245,B,3009,T,D,YX1,11,A,2.89878324043856
ID672,O,B,E,D,E0,1113,A,3009,W,D,YX1,13,A,2.7727891272515
ID673,L,A,E,D,E0,1110,A,4106,W,B,YX1,10,A,2.78246900288944
ID674,L,B,E,D,E0,1018,A,4147,W,D,YX1,14,A,3.3104060526300034
ID675,N,A,E,D,E0,1245,A,4147,X,B,YX1,6,A,2.846017512180459
ID676,O,A,N,C,N0,215,A,3009,X,D,YX1,15,A,2.9578843691113255
ID678,O,A,N,C,N0,329,A,3009,X,D,YX1,11,A,3.2270777409415636
ID681,L,B,E,D,E0,215,B,4106,X,C,YX1,13,A,2.6526057633601776
ID682,M,B,E,D,E0,329,B,4147,W,C,YX1,11,A,2.935327122658919
ID683,L,A,E,D,E0,329,A,4147,X,B,YX1,7,A,2.8829806937121107
ID684,L,A,E,D,E0,215,A,3009,W,B,YX1,7,A,2.748742908002186
ID685,L,A,E,D,E0,329,A,4106,V,B,YX1,8,A,2.8773205778826165
ID686,M,B,E,C,E0,215,A,4106,S,D,YX1,13,A,2.7853697517549056
ID687,L,B,E,D,E0,215,B,3009,W,C,YX1,10,A,2.6459447374087044
ID688,O,B,N,D,N0,1110,B,4106,W,B,YX1,12,B,2.803164167593857
ID689,O,B,E,D,E0,329,B,4106,X,C,YX1,7,A,2.5633052847274094
ID690,N,B,N,D,N0,1245,B,4147,V,B,YX1,12,B,3.1292964896497777
ID691,O,B,N,D,N0,2823,B,3009,X,B,YX1,13,B,2.759767017131893
ID692,L,A,E,D,E0,215,A,4106,W,B,YX1,15,A,3.0625910883652763
ID693,O,A,E,D,E0,329,A,3009,S,B,YX1,8,A,2.832971467511843
ID694,O,A,E,D,E0,1245,B,4106,W,B,YX1,14,A,2.9359854334229163
ID695,O,A,E,D,E0,1245,B,4106,W,B,YX1,15,A,2.898300381567939
ID696,O,A,E,D,E0,1245,B,4106,W,B,YX1,11,A,3.027494294922253
ID697,L,A,E,D,E0,329,A,3009,W,B,YX1,10,A,2.9157010869808024
ID699,L,B,E,D,E0,215,A,4106,X,D,YX1,14,A,3.1123787116521417
ID700,N,B,E,D,E0,329,A,4147,W,D,YX1,14,A,2.6495824588985832
ID701,O,B,E,D,E0,215,A,3009,X,D,YX1,15,A,2.6069419869236623
ID702,M,B,E,C,E0,329,A,3009,T,D,YX1,11,A,2.8585372667779927
ID703,O,B,E,C,E0,1113,A,3009,W,D,YX1,13,A,2.631940897095302
ID704,K,B,E,C,E0,329,A,3009,X,D,YX1,11,A,3.0293963778829576
ID705,O,B,E,D,E0,329,B,4106,V,D,YX1,6,A,2.846125164037667
ID706,L,A,E,D,E0,2823,A,4106,V,B,YX1,9,A,3.024467889730142
ID707,M,B,E,D,E0,215,B,4147,W,D,YX1,9,A,3.051556720021127
ID708,M,B,E,D,E0,215,A,4147,W,D,YX1,15,A,3.05495253004803
ID709,M,B,E,D,E0,215,A,4147,W,D,YX1,15,A,2.937411120999037
ID710,M,B,E,D,E0,215,A,4147,W,D,YX1,11,A,2.8811637864798594
ID711,M,B,E,D,E0,215,A,4147,W,D,YX1,12,A,2.885743340767083
ID712,O,A,N,D,N0,530,B,3009,V,D,YX1,6,B,2.6233415170712204
ID713,O,A,N,D,N0,1113,B,4106,X,D,YX1,6,B,3.0151372957908076
ID714,J,B,E,D,E0,2823,C,3009,X,D,YX1,15,A,2.753286349782982
ID715,O,A,N,D,N0,530,B,4147,V,D,YX1,7,B,2.926032896367161
